11001,北海道 宗谷地方,宗谷岬（ソウヤミサキ）
11016,北海道 宗谷地方,稚内（ワッカナイ）
11046,北海道 宗谷地方,礼文（レブン）
11061,北海道 宗谷地方,声問（コエトイ）
11076,北海道 宗谷地方,浜鬼志別（ハマオニシベツ）
11091,北海道 宗谷地方,本泊（モトドマリ）
11121,北海道 宗谷地方,沼川（ヌマカワ）
11151,北海道 宗谷地方,沓形（クツガタ）
11176,北海道 宗谷地方,豊富（トヨトミ）
11206,北海道 宗谷地方,浜頓別（ハマトンベツ）
11276,北海道 宗谷地方,中頓別（ナカトンベツ）
11291,北海道 宗谷地方,北見枝幸（キタミエサシ）
11316,北海道 宗谷地方,歌登（ウタノボリ）
13011,北海道 宗谷地方,幌延（ホロノベ）
12011,北海道 上川地方,中川（ナカガワ）
12041,北海道 上川地方,音威子府（オトイネップ）
12066,北海道 上川地方,小車（オグルマ）
12141,北海道 上川地方,美深（ビフカ）
12181,北海道 上川地方,名寄（ナヨロ）
12217,北海道 上川地方,西風連（ニシフウレン）
12231,北海道 上川地方,下川（シモカワ）
12256,北海道 上川地方,剣淵（ケンブチ）
12261,北海道 上川地方,士別（シベツ）
12266,北海道 上川地方,朝日（アサヒ）
12301,北海道 上川地方,和寒（ワッサム）
12386,北海道 上川地方,江丹別（エタンベツ）
12396,北海道 上川地方,比布（ピップ）
12411,北海道 上川地方,上川（カミカワ）
12442,北海道 上川地方,旭川（アサヒカワ）
12451,北海道 上川地方,東川（ヒガシカワ）
12457,北海道 上川地方,瑞穂（ミズホ）
12471,北海道 上川地方,層雲峡（ソウウンキョウ）
12501,北海道 上川地方,東神楽（ヒガシカグラ）
12512,北海道 上川地方,志比内（シビナイ）
12551,北海道 上川地方,美瑛（ビエイ）
12596,北海道 上川地方,上富良野（カミフラノ）
12607,北海道 上川地方,白金（シロガネ）
12626,北海道 上川地方,富良野（フラノ）
12632,北海道 上川地方,麓郷（ロクゴウ）
12686,北海道 上川地方,金山（カナヤマ）
12691,北海道 上川地方,幾寅（イクトラ）
12746,北海道 上川地方,占冠（シムカップ）
15041,北海道 上川地方,朱鞠内（シュマリナイ）
15076,北海道 上川地方,幌加内（ホロカナイ）
13061,北海道 留萌地方,天塩（テシオ）
13086,北海道 留萌地方,遠別（エンベツ）
13121,北海道 留萌地方,初山別（ショサンベツ）
13146,北海道 留萌地方,焼尻（ヤギシリ）
13181,北海道 留萌地方,羽幌（ハボロ）
13206,北海道 留萌地方,古丹別（コタンベツ）
13261,北海道 留萌地方,達布（タップ）
13277,北海道 留萌地方,留萌（ルモイ）
13311,北海道 留萌地方,増毛（マシケ）
13321,北海道 留萌地方,幌糠（ホロヌカ）
14026,北海道 石狩地方,浜益（ハママス）
14071,北海道 石狩地方,厚田（アツタ）
14101,北海道 石狩地方,新篠津（シンシノツ）
14116,北海道 石狩地方,山口（ヤマグチ）
14121,北海道 石狩地方,石狩（イシカリ）
14136,北海道 石狩地方,江別（エベツ）
14157,北海道 石狩地方,手稲山（テイネヤマ）
14163,北海道 石狩地方,札幌（サッポロ）
14191,北海道 石狩地方,小金湯（コガネユ）
14206,北海道 石狩地方,恵庭島松（エニワシママツ）
14286,北海道 石狩地方,支笏湖畔（シコツコハン）
14296,北海道 石狩地方,千歳（チトセ）
15116,北海道 空知地方,石狩沼田（イシカリヌマタ）
15161,北海道 空知地方,深川（フカガワ）
15197,北海道 空知地方,雨竜（ウリュウ）
15216,北海道 空知地方,新城（シンジョウ）
15231,北海道 空知地方,空知吉野（ソラチヨシノ）
15241,北海道 空知地方,滝川（タキカワ）
15247,北海道 空知地方,赤平（アカビラ）
15251,北海道 空知地方,芦別（アシベツ）
15276,北海道 空知地方,浦臼（ウラウス）
15311,北海道 空知地方,月形（ツキガタ）
15321,北海道 空知地方,美唄（ビバイ）
15356,北海道 空知地方,岩見沢（イワミザワ）
15391,北海道 空知地方,栗沢（クリサワ）
15431,北海道 空知地方,長沼（ナガヌマ）
15442,北海道 空知地方,夕張（ユウバリ）
15451,北海道 空知地方,鹿島（カシマ）
15491,北海道 空知地方,沼の沢（ヌマノサワ）
16026,北海道 後志地方,美国（ビクニ）
16061,北海道 後志地方,神恵内（カモエナイ）
16076,北海道 後志地方,余市（ヨイチ）
16091,北海道 後志地方,小樽（オタル）
16126,北海道 後志地方,赤井川（アカイガワ）
16156,北海道 後志地方,共和（キョウワ）
16206,北海道 後志地方,蘭越（ランコシ）
16217,北海道 後志地方,倶知安（クッチャン）
16252,北海道 後志地方,寿都（スッツ）
16272,北海道 後志地方,ニセコ（ニセコ）
16281,北海道 後志地方,真狩（マッカリ）
16286,北海道 後志地方,喜茂別（キモベツ）
16321,北海道 後志地方,黒松内（クロマツナイ）
17036,北海道 網走・北見・紋別地方,雄武（オウム）
17076,北海道 網走・北見・紋別地方,興部（オコッペ）
17091,北海道 網走・北見・紋別地方,西興部（ニシオコッペ）
17112,北海道 網走・北見・紋別地方,紋別（モンベツ）
17116,北海道 網走・北見・紋別地方,紋別小向（モンベツコムカイ）
17166,北海道 網走・北見・紋別地方,湧別（ユウベツ）
17196,北海道 網走・北見・紋別地方,滝上（タキノウエ）
17211,北海道 網走・北見・紋別地方,上藻別（カミモベツ）
17246,北海道 網走・北見・紋別地方,常呂（トコロ）
17306,北海道 網走・北見・紋別地方,遠軽（エンガル）
17316,北海道 網走・北見・紋別地方,佐呂間（サロマ）
17341,北海道 網走・北見・紋別地方,網走（アバシリ）
17351,北海道 網走・北見・紋別地方,宇登呂（ウトロ）
17386,北海道 網走・北見・紋別地方,丸瀬布（マルセップ）
17482,北海道 網走・北見・紋別地方,白滝（シラタキ）
17501,北海道 網走・北見・紋別地方,生田原（イクタハラ）
17512,北海道 網走・北見・紋別地方,仁頃山（ニコロヤマ）
17521,北海道 網走・北見・紋別地方,北見（キタミ）
17531,北海道 網走・北見・紋別地方,女満別（メマンベツ）
17541,北海道 網走・北見・紋別地方,東藻琴（ヒガシモコト）
17546,北海道 網走・北見・紋別地方,小清水（コシミズ）
17561,北海道 網走・北見・紋別地方,斜里（シャリ）
17596,北海道 網走・北見・紋別地方,留辺蘂（ルベシベ）
17607,北海道 網走・北見・紋別地方,境野（サカイノ）
17631,北海道 網走・北見・紋別地方,美幌（ビホロ）
17642,北海道 網走・北見・紋別地方,山園（ヤマゾノ）
17686,北海道 網走・北見・紋別地方,置戸常元（オケトツネモト）
17717,北海道 網走・北見・紋別地方,津別（ツベツ）
17776,北海道 網走・北見・紋別地方,津別二又（ツベツフタマタ）
18038,北海道 根室地方,羅臼（ラウス）
18091,北海道 根室地方,糸櫛別（イトクシベツ）
18136,北海道 根室地方,標津（シベツ）
18161,北海道 根室地方,上標津（カミシベツ）
18171,北海道 根室地方,中標津（ナカシベツ）
18174,北海道 根室地方,根室中標津（ネムロナカシベツ）
18256,北海道 根室地方,別海（ベツカイ）
18273,北海道 根室地方,根室（ネムロ）
18281,北海道 根室地方,納沙布（ノサップ）
18311,北海道 根室地方,厚床（アットコ）
19021,北海道 釧路地方,川湯（カワユ）
19051,北海道 釧路地方,弟子屈（テシカガ）
19076,北海道 釧路地方,阿寒湖畔（アカンコハン）
19151,北海道 釧路地方,標茶（シベチャ）
19191,北海道 釧路地方,鶴居（ツルイ）
19261,北海道 釧路地方,中徹別（ナカテシベツ）
19281,北海道 釧路地方,塘路（トウロ）
19301,北海道 釧路地方,茶内原野（チャナイゲンヤ）
19311,北海道 釧路地方,榊町（サカキマチ）
19346,北海道 釧路地方,阿寒（アカン）
19347,北海道 釧路地方,鶴丘（ツルオカ）
19376,北海道 釧路地方,太田（オオタ）
19406,北海道 釧路地方,二俣（フタマタ）
19416,北海道 釧路地方,白糠（シラヌカ）
19432,北海道 釧路地方,釧路（クシロ）
19451,北海道 釧路地方,知方学（チッポマナイ）
20047,北海道 十勝地方,三股（ミツマタ）
20071,北海道 十勝地方,小利別（ショウトシベツ）
20146,北海道 十勝地方,陸別（リクベツ）
20186,北海道 十勝地方,ぬかびら源泉郷（ヌカビラゲンセンキョウ）
20202,北海道 十勝地方,柏倉（カシワクラ）
20222,北海道 十勝地方,上螺湾（カミラワン）
20266,北海道 十勝地方,上士幌（カミシホロ）
20276,北海道 十勝地方,足寄（アショロ）
20331,北海道 十勝地方,押帯（オショップ）
20341,北海道 十勝地方,本別（ホンベツ）
20356,北海道 十勝地方,新得（シントク）
20361,北海道 十勝地方,鹿追（シカオイ）
20371,北海道 十勝地方,駒場（コマバ）
20421,北海道 十勝地方,芽室（メムロ）
20432,北海道 十勝地方,帯広（オビヒロ）
20441,北海道 十勝地方,池田（イケダ）
20451,北海道 十勝地方,留真（ルシン）
20506,北海道 十勝地方,浦幌（ウラホロ）
20551,北海道 十勝地方,帯広泉（オビヒロイズミ）
20556,北海道 十勝地方,糠内（ヌカナイ）
20601,北海道 十勝地方,上札内（カミサツナイ）
20606,北海道 十勝地方,更別（サラベツ）
20631,北海道 十勝地方,大津（オオツ）
20696,北海道 十勝地方,大樹（タイキ）
20751,北海道 十勝地方,広尾（ヒロオ）
21031,北海道 胆振地方,安平（アビラ）
21111,北海道 胆振地方,厚真（アツマ）
21126,北海道 胆振地方,穂別（ホベツ）
21161,北海道 胆振地方,大滝（オオタキ）
21171,北海道 胆振地方,森野（モリノ）
21187,北海道 胆振地方,苫小牧（トマコマイ）
21226,北海道 胆振地方,大岸（オオキシ）
21237,北海道 胆振地方,洞爺湖温泉（トウヤコオンセン）
21251,北海道 胆振地方,カルルス（カルルス）
21261,北海道 胆振地方,白老（シラオイ）
21276,北海道 胆振地方,鵡川（ムカワ）
21297,北海道 胆振地方,伊達（ダテ）
21312,北海道 胆振地方,登別（ノボリベツ）
21323,北海道 胆振地方,室蘭（ムロラン）
22036,北海道 日高地方,日高（ヒダカ）
22072,北海道 日高地方,仁世宇（ニセウ）
22106,北海道 日高地方,旭（アサヒ）
22141,北海道 日高地方,日高門別（ヒダカモンベツ）
22156,北海道 日高地方,新和（シンワ）
22206,北海道 日高地方,笹山（ササヤマ）
22241,北海道 日高地方,静内（シズナイ）
22291,北海道 日高地方,三石（ミツイシ）
22306,北海道 日高地方,中杵臼（ナカキネウス）
22327,北海道 日高地方,浦河（ウラカワ）
22356,北海道 日高地方,目黒（メグロ）
22366,北海道 日高地方,幌満（ホロマン）
22391,北海道 日高地方,えりも岬（エリモミサキ）
23031,北海道 渡島地方,長万部（オシャマンベ）
23086,北海道 渡島地方,八雲（ヤクモ）
23166,北海道 渡島地方,森（モリ）
23191,北海道 渡島地方,大沼（オオヌマ）
23206,北海道 渡島地方,川汲（カックミ）
23226,北海道 渡島地方,北斗（ホクト）
23232,北海道 渡島地方,函館（ハコダテ）
23281,北海道 渡島地方,高松（タカマツ）
23291,北海道 渡島地方,戸井泊（トイトマリ）
23321,北海道 渡島地方,知内（シリウチ）
23326,北海道 渡島地方,木古内（キコナイ）
23356,北海道 渡島地方,千軒（センゲン）
23376,北海道 渡島地方,松前（マツマエ）
24141,北海道 渡島地方,熊石（クマイシ）
24041,北海道 檜山地方,せたな（セタナ）
24051,北海道 檜山地方,今金（イマカネ）
24101,北海道 檜山地方,奥尻（オクシリ）
24156,北海道 檜山地方,米岡（ヨネオカ）
24166,北海道 檜山地方,潮見（シオミ）
24201,北海道 檜山地方,鶉（ウズラ）
24217,北海道 檜山地方,江差（エサシ）
24236,北海道 檜山地方,石崎（イシザキ）
31001,青森県,大間（オオマ）
31036,青森県,湯野川（ユノカワ）
31111,青森県,むつ（ムツ）
31121,青森県,小田野沢（オダノサワ）
31136,青森県,今別（イマベツ）
31156,青森県,脇野沢（ワキノサワ）
31186,青森県,市浦（シウラ）
31201,青森県,蟹田（カニタ）
31296,青森県,五所川原（ゴショガワラ）
31312,青森県,青森（アオモリ）
31321,青森県,大和山（ヤマトヤマ）
31332,青森県,野辺地（ノヘジ）
31336,青森県,六ケ所（ロッカショ）
31366,青森県,鰺ケ沢（アジガサワ）
31386,青森県,青森大谷（アオモリオオタニ）
31411,青森県,七戸（シチノヘ）
31436,青森県,深浦（フカウラ）
31451,青森県,岳（ダケ）
31461,青森県,弘前（ヒロサキ）
31466,青森県,黒石（クロイシ）
31482,青森県,酸ケ湯（スカユ）
31506,青森県,三沢（ミサワ）
31551,青森県,大鰐（オオワニ）
31562,青森県,温川（ヌルカワ）
31586,青森県,十和田（トワダ）
31602,青森県,八戸（ハチノヘ）
31646,青森県,碇ケ関（イカリガセキ）
31662,青森県,休屋（ヤスミヤ）
31671,青森県,戸来（ヘライ）
31721,青森県,三戸（サンノヘ）
32056,秋田県,八森（ハチモリ）
32071,秋田県,藤里（フジサト）
32091,秋田県,陣場（ジンバ）
32096,秋田県,藤原（フジワラ）
32111,秋田県,能代（ノシロ）
32126,秋田県,鷹巣（タカノス）
32136,秋田県,大館（オオダテ）
32146,秋田県,鹿角（カヅノ）
32181,秋田県,脇神（ワキガミ）
32206,秋田県,湯瀬（ユゼ）
32266,秋田県,八幡平（ハチマンタイ）
32276,秋田県,男鹿真山（オガシンザン）
32286,秋田県,男鹿（オガ）
32287,秋田県,大潟（オオガタ）
32296,秋田県,五城目（ゴジョウメ）
32311,秋田県,阿仁合（アニアイ）
32312,秋田県,比立内（ヒタチナイ）
32376,秋田県,桧木内（ヒノキナイ）
32402,秋田県,秋田（アキタ）
32407,秋田県,岩見三内（イワミサンナイ）
32408,秋田県,仁別（ニベツ）
32426,秋田県,鎧畑（ヨロイバタ）
32431,秋田県,田沢湖高原（タザワココウゲン）
32451,秋田県,雄和（ユウワ）
32466,秋田県,角館（カクノダテ）
32476,秋田県,田沢湖（タザワコ）
32496,秋田県,大正寺（ダイショウジ）
32551,秋田県,大曲（オオマガリ）
32571,秋田県,本荘（ホンジョウ）
32581,秋田県,東由利（ヒガシユリ）
32596,秋田県,横手（ヨコテ）
32616,秋田県,にかほ（ニカホ）
32626,秋田県,矢島（ヤシマ）
32681,秋田県,笹子（ジネゴ）
32691,秋田県,湯沢（ユザワ）
32701,秋田県,東成瀬（ヒガシナルセ）
32771,秋田県,湯の岱（ユノタイ）
33006,岩手県,種市（タネイチ）
33026,岩手県,軽米（カルマイ）
33071,岩手県,二戸（ニノヘ）
33086,岩手県,大野（オオノ）
33136,岩手県,山形（ヤマガタ）
33146,岩手県,久慈（クジ）
33166,岩手県,荒屋（アラヤ）
33176,岩手県,奥中山（オクナカヤマ）
33186,岩手県,葛巻（クズマキ）
33201,岩手県,下戸鎖（シモトクサリ）
33206,岩手県,普代（フダイ）
33226,岩手県,岩手松尾（イワテマツオ）
33231,岩手県,一方井（イッカタイ）
33296,岩手県,好摩（コウマ）
33326,岩手県,岩泉（イワイズミ）
33336,岩手県,小本（オモト）
33351,岩手県,葛根田（カッコンダ）
33361,岩手県,滝沢（タキザワ）
33371,岩手県,薮川（ヤブカワ）
33421,岩手県,雫石（シズクイシ）
33431,岩手県,盛岡（モリオカ）
33441,岩手県,区界（クザカイ）
33461,岩手県,刈屋（カリヤ）
33472,岩手県,宮古（ミヤコ）
33486,岩手県,沢内（サワウチ）
33501,岩手県,紫波（シワ）
33526,岩手県,川井（カワイ）
33566,岩手県,豊沢（トヨサワ）
33576,岩手県,花巻（ハナマキ）
33581,岩手県,大迫（オオハサマ）
33596,岩手県,附馬牛（ツキモウシ）
33611,岩手県,大槌（オオツチ）
33616,岩手県,山田（ヤマダ）
33631,岩手県,湯田（ユダ）
33671,岩手県,遠野（トオノ）
33686,岩手県,新町（シンチョウ）
33711,岩手県,金ヶ崎（カネガサキ）
33716,岩手県,北上（キタカミ）
33726,岩手県,米里（ヨネサト）
33751,岩手県,釜石（カマイシ）
33776,岩手県,若柳（ワカヤナギ）
33781,岩手県,江刺（エサシ）
33801,岩手県,住田（スミタ）
33831,岩手県,祭畤（マツルベ）
33841,岩手県,衣川（コロモガワ）
33856,岩手県,大東（ダイトウ）
33871,岩手県,陸前高田（リクゼンタカタ）
33877,岩手県,大船渡（オオフナト）
33911,岩手県,一関（イチノセキ）
33921,岩手県,千厩（センマヤ）
34012,宮城県,駒ノ湯（コマノユ）
34026,宮城県,気仙沼（ケセンヌマ）
34056,宮城県,鴬沢（ウグイスザワ）
34096,宮城県,川渡（カワタビ）
34111,宮城県,築館（ツキダテ）
34171,宮城県,米山（ヨネヤマ）
34186,宮城県,志津川（シヅガワ）
34206,宮城県,加美（カミ）
34216,宮城県,古川（フルカワ）
34231,宮城県,桃生（モノウ）
34241,宮城県,雄勝（オガツ）
34262,宮城県,泉ケ岳（イズミガダケ）
34266,宮城県,大衡（オオヒラ）
34276,宮城県,鹿島台（カシマダイ）
34286,宮城県,東松島（ヒガシマツシマ）
34292,宮城県,石巻（イシノマキ）
34296,宮城県,女川（オナガワ）
34311,宮城県,新川（ニッカワ）
34331,宮城県,塩釜（シオガマ）
34392,宮城県,仙台（センダイ）
34431,宮城県,岩沼（イワヌマ）
34436,宮城県,名取（ナトリ）
34461,宮城県,白石（シロイシ）
34462,宮城県,蔵王（ザオウ）
34471,宮城県,亘理（ワタリ）
34506,宮城県,丸森（マルモリ）
34526,宮城県,筆甫（ヒッポ）
35002,山形県,飛島（トビシマ）
35052,山形県,酒田（サカタ）
35056,山形県,酒田大沢（サカタオオサワ）
35071,山形県,差首鍋（サスナベ）
35086,山形県,浜中（ハマナカ）
35116,山形県,金山（カネヤマ）
35141,山形県,鶴岡（ツルオカ）
35146,山形県,狩川（カリカワ）
35162,山形県,新庄（シンジョウ）
35171,山形県,瀬見（セミ）
35176,山形県,向町（ムカイマチ）
35201,山形県,櫛引（クシビキ）
35216,山形県,肘折（ヒジオリ）
35231,山形県,尾花沢（オバナザワ）
35246,山形県,鼠ケ関（ネズガセキ）
35256,山形県,荒沢（アラサワ）
35332,山形県,村山（ムラヤマ）
35334,山形県,東根（ヒガシネ）
35361,山形県,大井沢（オオイサワ）
35376,山形県,左沢（アテラザワ）
35426,山形県,山形（ヤマガタ）
35456,山形県,長井（ナガイ）
35466,山形県,上山中山（カミノヤマナカヤマ）
35486,山形県,小国（オグニ）
35511,山形県,高畠（タカハタ）
35537,山形県,中津川（ナカツガワ）
35541,山形県,高峰（タカミネ）
35552,山形県,米沢（ヨネザワ）
36056,福島県,茂庭（モニワ）
36066,福島県,梁川（ヤナガワ）
36081,福島県,新地（シンチ）
36106,福島県,桧原（ヒバラ）
36126,福島県,福島（フクシマ）
36151,福島県,相馬（ソウマ）
36176,福島県,喜多方（キタカタ）
36196,福島県,鷲倉（ワシクラ）
36221,福島県,飯舘（イイタテ）
36231,福島県,原町（ハラマチ）
36251,福島県,西会津（ニシアイヅ）
36276,福島県,猪苗代（イナワシロ）
36291,福島県,二本松（ニホンマツ）
36307,福島県,津島（ツシマ）
36342,福島県,金山（カネヤマ）
36361,福島県,若松（ワカマツ）
36391,福島県,船引（フネヒキ）
36411,福島県,浪江（ナミエ）
36426,福島県,只見（タダミ）
36461,福島県,湖南（コナン）
36476,福島県,郡山（コオリヤマ）
36501,福島県,川内（カワウチ）
36511,福島県,富岡（トミオカ）
36536,福島県,南郷（ナンゴウ）
36562,福島県,湯本（ユモト）
36571,福島県,長沼（ナガヌマ）
36581,福島県,玉川（タマカワ）
36591,福島県,小野新町（オノニイマチ）
36597,福島県,川前（カワマエ）
36611,福島県,広野（ヒロノ）
36641,福島県,田島（タジマ）
36667,福島県,白河（シラカワ）
36676,福島県,石川（イシカワ）
36716,福島県,桧枝岐（ヒノエマタ）
36726,福島県,舘岩（タテイワ）
36766,福島県,古殿（フルドノ）
36781,福島県,平（タイラ）
36821,福島県,東白川（ヒガシシラカワ）
36836,福島県,山田（ヤマダ）
36846,福島県,小名浜（オナハマ）
40041,茨城県,花園（ハナゾノ）
40046,茨城県,北茨城（キタイバラキ）
40061,茨城県,大子（ダイゴ）
40066,茨城県,徳田（トクダ）
40076,茨城県,大能（オオノウ）
40091,茨城県,常陸大宮（ヒタチオオミヤ）
40126,茨城県,中野（ナカノ）
40136,茨城県,日立（ヒタチ）
40181,茨城県,門井（カドイ）
40191,茨城県,笠間（カサマ）
40201,茨城県,水戸（ミト）
40221,茨城県,古河（コガ）
40231,茨城県,下館（シモダテ）
40241,茨城県,柿岡（カキオカ）
40251,茨城県,美野里（ミノリ）
40281,茨城県,下妻（シモツマ）
40311,茨城県,鉾田（ホコタ）
40326,茨城県,坂東（バンドウ）
40336,茨城県,つくば（ツクバ）(館野（タテノ）)
40341,茨城県,土浦（ツチウラ）
40391,茨城県,江戸崎（エドサキ）
40406,茨城県,鹿嶋（カシマ）
40426,茨城県,龍ケ崎（リュウガサキ）
41011,栃木県,那須高原（ナスコウゲン）
41076,栃木県,五十里（イカリ）
41091,栃木県,黒磯（クロイソ）
41116,栃木県,土呂部（ドロブ）
41141,栃木県,大田原（オオタワラ）
41166,栃木県,奥日光（オクニッコウ）(日光（ニツコウ）)
41171,栃木県,今市（イマイチ）
41181,栃木県,塩谷（シオヤ）
41211,栃木県,足尾（アシオ）
41241,栃木県,高根沢（タカネザワ）
41247,栃木県,那須烏山（ナスカラスヤマ）
41271,栃木県,鹿沼（カヌマ）
41277,栃木県,宇都宮（ウツノミヤ）
41311,栃木県,葛生（クズウ）
41331,栃木県,真岡（モオカ）
41356,栃木県,足利（アシカガ）
41361,栃木県,佐野（サノ）
41371,栃木県,栃木（トチギ）
41376,栃木県,小山（オヤマ）
42046,群馬県,藤原（フジワラ）
42091,群馬県,みなかみ（ミナカミ）
42106,群馬県,片品（カタシナ）
42121,群馬県,草津（クサツ）
42146,群馬県,沼田（ヌマタ）
42186,群馬県,中之条（ナカノジョウ）
42221,群馬県,田代（タシロ）
42241,群馬県,榛名山（ハルナサン）
42251,群馬県,前橋（マエバシ）
42261,群馬県,黒保根（クロホネ）
42266,群馬県,桐生（キリュウ）
42286,群馬県,上里見（カミサトミ）
42302,群馬県,伊勢崎（イセサキ）
42326,群馬県,西野牧（ニシノマキ）
42341,群馬県,藤岡（フジオカ）
42366,群馬県,館林（タテバヤシ）
42396,群馬県,神流（カンナ）
43051,埼玉県,寄居（ヨリイ）
43056,埼玉県,熊谷（クマガヤ）
43091,埼玉県,上吉田（カミヨシダ）
43121,埼玉県,鴻巣（コウノス）
43126,埼玉県,久喜（クキ）
43151,埼玉県,三峰（ミツミネ）
43156,埼玉県,秩父（チチブ）
43157,埼玉県,浦山（ウラヤマ）
43162,埼玉県,ときがわ（トキガワ）
43171,埼玉県,鳩山（ハトヤマ）
43231,埼玉県,飯能（ハンノウ）
43241,埼玉県,さいたま（サイタマ）
43256,埼玉県,越谷（コシガヤ）
43266,埼玉県,所沢（トコロザワ）
44046,東京都,小河内（オゴウチ）
44051,東京都,小沢（オザワ）
44056,東京都,青梅（オウメ）
44071,東京都,練馬（ネリマ）
44112,東京都,八王子（ハチオウジ）
44116,東京都,府中（フチュウ）
44126,東京都,世田谷（セタガヤ）
44132,東京都,東京（トウキョウ）
44136,東京都,江戸川臨海（エドガワリンカイ）
44166,東京都,羽田（ハネダ）
44172,東京都,大島（オオシマ）
44173,東京都,大島北ノ山（オオシマキタノヤマ）
44191,東京都,利島（トシマ）
44207,東京都,新島（ニイジマ）
44216,東京都,神津島（コウヅシマ）
44226,東京都,三宅島（ミヤケジマ）
44228,東京都,三宅坪田（ミヤケツボタ）
44262,東京都,八重見ヶ原（ヤエミガハラ）
44263,東京都,八丈島（ハチジョウジマ）
44281,東京都,青ヶ島（アオガシマ）
44301,東京都,父島（チチジマ）
44316,東京都,母島（ハハジマ）
45061,千葉県,我孫子（アビコ）
45081,千葉県,香取（カトリ）
45086,千葉県,東庄（トウノショウ）
45106,千葉県,船橋（フナバシ）
45116,千葉県,佐倉（サクラ）
45121,千葉県,成田（ナリタ）
45147,千葉県,銚子（チョウシ）
45181,千葉県,横芝光（ヨコシバヒカリ）
45212,千葉県,千葉（チバ）
45261,千葉県,茂原（モバラ）
45282,千葉県,木更津（キサラヅ）
45291,千葉県,牛久（ウシク）
45326,千葉県,坂畑（サカハタ）
45331,千葉県,大多喜（オオタキ）
45346,千葉県,鋸南（キョナン）
45361,千葉県,鴨川（カモガワ）
45371,千葉県,勝浦（カツウラ）
45401,千葉県,館山（タテヤマ）
46001,神奈川県,相模湖（サガミコ）
46046,神奈川県,相模原中央（サガミハラチュウオウ）
46061,神奈川県,日吉（ヒヨシ）
46076,神奈川県,丹沢湖（タンザワコ）
46091,神奈川県,海老名（エビナ）
46106,神奈川県,横浜（ヨコハマ）
46136,神奈川県,平塚（ヒラツカ）
46141,神奈川県,辻堂（ツジドウ）
46161,神奈川県,箱根（ハコネ）
46166,神奈川県,小田原（オダワラ）
46211,神奈川県,三浦（ミウラ）
48031,長野県,野沢温泉（ノザワオンセン）
48061,長野県,信濃町（シナノマチ）
48066,長野県,飯山（イイヤマ）
48097,長野県,小谷（オタリ）
48141,長野県,白馬（ハクバ）
48146,長野県,鬼無里（キナサ）
48156,長野県,長野（ナガノ）
48172,長野県,笠岳（カサダケ）
48191,長野県,大町（オオマチ）
48196,長野県,信州新町（シンシュウシンマチ）
48216,長野県,菅平（スガダイラ）
48247,長野県,聖高原（ヒジリコウゲン）
48256,長野県,上田（ウエダ）
48296,長野県,穂高（ホタカ）
48321,長野県,東御（トウミ）
48331,長野県,軽井沢（カルイザワ）
48346,長野県,上高地（カミコウチ）
48361,長野県,松本（マツモト）
48363,長野県,松本今井（マツモトイマイ）
48371,長野県,鹿教湯（カケユ）
48381,長野県,立科（タテシナ）
48386,長野県,佐久（サク）
48436,長野県,白樺湖（シラカバコ）
48466,長野県,奈川（ナガワ）
48491,長野県,諏訪（スワ）
48516,長野県,北相木（キタアイキ）
48531,長野県,開田高原（カイダコウゲン）
48536,長野県,木祖薮原（キソヤブハラ）
48546,長野県,辰野（タツノ）
48556,長野県,高遠（タカトオ）
48561,長野県,原村（ハラムラ）
48571,長野県,野辺山（ノベヤマ）
48601,長野県,御嶽山（オンタケサン）
48606,長野県,木曽福島（キソフクシマ）
48621,長野県,伊那（イナ）
48681,長野県,宮田高原（ミヤダコウゲン）
48691,長野県,杉島（スギシマ）
48716,長野県,須原（スハラ）
48717,長野県,南木曽（ナギソ）
48731,長野県,飯島（イイジマ）
48737,長野県,大鹿（オオシカ）
48767,長野県,飯田（イイダ）
48826,長野県,浪合（ナミアイ）
48836,長野県,阿南（アナン）
48841,長野県,南信濃（ミナミシナノ）
49036,山梨県,大泉（オオイズミ）
49052,山梨県,乙女湖（オトメコ）
49086,山梨県,韮崎（ニラサキ）
49142,山梨県,甲府（コウフ）
49151,山梨県,勝沼（カツヌマ）
49161,山梨県,大月（オオツキ）
49172,山梨県,上野原（ウエノハラ）
49187,山梨県,富士川（フジカワ）
49196,山梨県,古関（フルセキ）
49236,山梨県,切石（キリイシ）
49251,山梨県,河口湖（カワグチコ）
49256,山梨県,山中（ヤマナカ）
49316,山梨県,南部（ナンブ）
50056,静岡県,白糸（シライト）
50106,静岡県,井川（イカワ）
50112,静岡県,有東木（ウトウギ）
50136,静岡県,御殿場（ゴテンバ）
50196,静岡県,富士（フジ）
50206,静岡県,三島（ミシマ）
50226,静岡県,佐久間（サクマ）
50232,静岡県,春野（ハルノ）
50241,静岡県,川根本町（カワネホンチョウ）
50247,静岡県,鍵穴（カギアナ）
50261,静岡県,清水（シミズ）
50281,静岡県,網代（アジロ）
50296,静岡県,熊（クマ）
50317,静岡県,高根山（タカネサン）
50331,静岡県,静岡（シズオカ）
50371,静岡県,三ヶ日（ミッカビ）
50386,静岡県,天竜（テンリュウ）
50391,静岡県,三倉（ミクラ）
50416,静岡県,土肥（トイ）
50426,静岡県,湯ケ島（ユガシマ）
50427,静岡県,天城山（アマギサン）
50456,静岡県,浜松（ハママツ）
50466,静岡県,掛川（カケガワ）
50476,静岡県,菊川牧之原（キクガワマキノハラ）
50477,静岡県,静岡空港（シズオカクウコウ）
50491,静岡県,松崎（マツザキ）
50506,静岡県,稲取（イナトリ）
50536,静岡県,磐田（イワタ）
50551,静岡県,御前崎（オマエザキ）
50561,静岡県,石廊崎（イロウザキ）
51011,愛知県,一宮（イチノミヤ）
51031,愛知県,愛西（アイサイ）
51056,愛知県,小原（オバラ）
51071,愛知県,稲武（イナブ）
51077,愛知県,茶臼山（チャウスヤマ）
51096,愛知県,蟹江（カニエ）
51106,愛知県,名古屋（ナゴヤ）
51116,愛知県,豊田（トヨタ）
51192,愛知県,阿蔵（アゾウ）
51216,愛知県,大府（オオブ）
51226,愛知県,岡崎（オカザキ）
51241,愛知県,作手（ツクデ）
51247,愛知県,新城（シンシロ）
51261,愛知県,セントレア（セントレア）
51271,愛知県,一色（イッシキ）
51281,愛知県,蒲郡（ガマゴオリ）
51311,愛知県,南知多（ミナミチタ）
51331,愛知県,豊橋（トヨハシ）
51346,愛知県,伊良湖（イラコ）
51356,愛知県,田原（タハラ）
52041,岐阜県,河合（カワイ）
52051,岐阜県,神岡（カミオカ）
52081,岐阜県,白川（シラカワ）
52111,岐阜県,栃尾（トチオ）
52131,岐阜県,御母衣（ミボロ）
52137,岐阜県,清見（キヨミ）
52146,岐阜県,高山（タカヤマ）
52152,岐阜県,丹生川（ニュウカワ）
52173,岐阜県,ひるがの（ヒルガノ）
52181,岐阜県,六厩（ムマヤ）
52192,岐阜県,船山（フナヤマ）
52196,岐阜県,宮之前（ミヤノマエ）
52221,岐阜県,長滝（ナガタキ）
52286,岐阜県,萩原（ハギワラ）
52321,岐阜県,関市板取（セキシイタドリ）
52331,岐阜県,八幡（ハチマン）
52346,岐阜県,宮地（ミヤジ）
52381,岐阜県,樽見（タルミ）
52406,岐阜県,金山（カナヤマ）
52421,岐阜県,付知（ツケチ）
52461,岐阜県,美濃（ミノ）
52476,岐阜県,伽藍（ガラン）
52482,岐阜県,黒川（クロカワ）
52511,岐阜県,揖斐川（イビガワ）
52536,岐阜県,美濃加茂（ミノカモ）
52556,岐阜県,恵那（エナ）
52557,岐阜県,中津川（ナカツガワ）
52571,岐阜県,関ケ原（セキガハラ）
52581,岐阜県,大垣（オオガキ）
52586,岐阜県,岐阜（ギフ）
52606,岐阜県,多治見（タジミ）
52642,岐阜県,上石津（カミイシヅ）
53016,三重県,北勢（ホクセイ）
53041,三重県,桑名（クワナ）
53061,三重県,四日市（ヨッカイチ）
53091,三重県,亀山（カメヤマ）
53112,三重県,上野（ウエノ）
53121,三重県,笠取山（カサトリヤマ）
53133,三重県,津（ツ）
53141,三重県,名張（ナバリ）
53151,三重県,白山（ハクサン）
53196,三重県,小俣（オバタ）
53231,三重県,粥見（カユミ）
53257,三重県,鳥羽（トバ）
53287,三重県,藤坂峠（フジサカトウゲ）
53296,三重県,南伊勢（ミナミイセ）
53307,三重県,阿児（アゴ）
53321,三重県,宮川（ミヤガワ）
53326,三重県,紀伊長島（キイナガシマ）
53378,三重県,尾鷲（オワセ）
53401,三重県,熊野新鹿（クマノアタシカ）
53416,三重県,御浜（ミハマ）
54012,新潟県,粟島（アワシマ）
54041,新潟県,弾崎（ハジキザキ）
54056,新潟県,高根（タカネ）
54086,新潟県,村上（ムラカミ）
54097,新潟県,三面（ミオモテ）
54157,新潟県,相川（アイカワ）
54166,新潟県,両津（リョウツ）
54181,新潟県,中条（ナカジョウ）
54191,新潟県,下関（シモセキ）
54232,新潟県,新潟（ニイガタ）
54236,新潟県,松浜（マツハマ）
54271,新潟県,羽茂（ハモチ）
54296,新潟県,新津（ニイツ）
54301,新潟県,瓢湖（ヒョウコ）
54311,新潟県,赤谷（アカダニ）
54341,新潟県,巻（マキ）
54387,新潟県,寺泊（テラドマリ）
54396,新潟県,三条（サンジョウ）
54406,新潟県,村松（ムラマツ）
54421,新潟県,津川（ツガワ）
54462,新潟県,宮寄上（ミヤヨリカミ）
54472,新潟県,室谷（ムロヤ）
54501,新潟県,長岡（ナガオカ）
54506,新潟県,栃尾（トチオ）
54541,新潟県,柏崎（カシワザキ）
54566,新潟県,守門（スモン）
54586,新潟県,大潟（オオガタ）
54606,新潟県,小国（オグニ）
54616,新潟県,小出（コイデ）
54621,新潟県,大湯（オオユ）
54651,新潟県,高田（タカダ）
54661,新潟県,安塚（ヤスヅカ）
54666,新潟県,川谷（カワダニ）
54671,新潟県,松代（マツダイ）
54676,新潟県,十日町（トオカマチ）
54711,新潟県,糸魚川（イトイガワ）
54721,新潟県,能生（ノウ）
54737,新潟県,筒方（ドウガタ）
54761,新潟県,塩沢（シオザワ）
54816,新潟県,関山（セキヤマ）
54836,新潟県,津南（ツナン）
54841,新潟県,湯沢（ユザワ）
54876,新潟県,平岩（ヒライワ）
54892,新潟県,樽本（タルモト）
55022,富山県,朝日（アサヒ）
55041,富山県,氷見（ヒミ）
55056,富山県,魚津（ウオヅ）
55063,富山県,宇奈月（ウナヅキ）
55091,富山県,伏木（フシキ）
55102,富山県,富山（トヤマ）
55141,富山県,砺波（トナミ）
55151,富山県,秋ヶ島（アキガシマ）
55156,富山県,大山（オオヤマ）
55166,富山県,上市（カミイチ）
55191,富山県,南砺高宮（ナントタカミヤ）
55206,富山県,八尾（ヤツオ）
55217,富山県,立山芦峅（タテヤマアシクラ）
55252,富山県,五箇山（ゴカヤマ）
55267,富山県,猪谷（イノタニ）
56036,石川県,珠洲（スズ）
56052,石川県,輪島（ワジマ）
56081,石川県,門前（モンゼン）
56093,石川県,三井（ミイ）
56116,石川県,志賀（シカ）
56146,石川県,七尾（ナナオ）
56176,石川県,羽咋（ハクイ）
56186,石川県,かほく（カホク）
56192,石川県,宝達志水（ホウダツシミズ）
56227,石川県,金沢（カナザワ）
56232,石川県,医王山（イオウゼン）
56276,石川県,小松（コマツ）
56286,石川県,白山河内（ハクサンカワチ）
56301,石川県,加賀菅谷（カガスガタニ）
56346,石川県,白山白峰（ハクサンシラミネ）
56401,石川県,舳倉島（ヘグラジマ）
57001,福井県,三国（ミクニ）
57026,福井県,春江（ハルエ）
57051,福井県,越廼（コシノ）
57066,福井県,福井（フクイ）
57071,福井県,美山（ミヤマ）
57082,福井県,勝山（カツヤマ）
57106,福井県,武生（タケフ）
57121,福井県,大野（オオノ）
57176,福井県,九頭竜（クズリュウ）
57206,福井県,今庄（イマジョウ）
57248,福井県,敦賀（ツルガ）
57286,福井県,美浜（ミハマ）
57311,福井県,大飯（オオイ）
57317,福井県,小浜（オバマ）
60026,滋賀県,柳ケ瀬（ヤナガセ）
60051,滋賀県,今津（イマヅ）
60061,滋賀県,長浜（ナガハマ）
60081,滋賀県,朽木平良（クツキヘラ）
60102,滋賀県,米原（マイバラ）
60116,滋賀県,南小松（ミナミコマツ）
60131,滋賀県,彦根（ヒコネ）
60161,滋賀県,近江八幡（オウミハチマン）
60196,滋賀県,東近江（ヒガシオウミ）
60216,滋賀県,大津（オオツ）
60226,滋賀県,信楽（シガラキ）
60236,滋賀県,土山（ツチヤマ）
61001,京都府,間人（タイザ）
61031,京都府,峰山（ミネヤマ）
61076,京都府,宮津（ミヤヅ）
61096,京都府,坂浦（サカウラ）
61111,京都府,舞鶴（マイヅル）
61151,京都府,睦寄（ムツヨリ）
61187,京都府,福知山（フクチヤマ）
61192,京都府,三和（ミワ）
61196,京都府,綾部山家（アヤベヤマガ）
61201,京都府,本庄（ホンジョウ）
61206,京都府,美山（ミヤマ）
61241,京都府,須知（シュウチ）
61242,京都府,園部（ソノベ）
61251,京都府,京北（ケイホク）
61286,京都府,京都（キョウト）
61306,京都府,長岡京（ナガオカキョウ）
61326,京都府,京田辺（キョウタナベ）
62016,大阪府,能勢（ノセ）
62037,大阪府,茨木（イバラキ）
62046,大阪府,枚方（ヒラカタ）
62051,大阪府,豊中（トヨナカ）
62078,大阪府,大阪（オオサカ）
62081,大阪府,生駒山（イコマヤマ）
62091,大阪府,堺（サカイ）
62096,大阪府,八尾（ヤオ）
62101,大阪府,関空島（カンクウジマ）
62111,大阪府,河内長野（カワチナガノ）
62131,大阪府,熊取（クマトリ）
63016,兵庫県,香住（カスミ）
63032,兵庫県,温泉（オンセン）
63051,兵庫県,豊岡（トヨオカ）
63071,兵庫県,兎和野高原（ウワノコウゲン）
63111,兵庫県,大屋（オオヤ）
63116,兵庫県,八鹿（ヨウカ）
63121,兵庫県,和田山（ワダヤマ）
63201,兵庫県,生野（イクノ）
63216,兵庫県,柏原（カイバラ）
63241,兵庫県,佐用（サヨウ）
63251,兵庫県,一宮（イチノミヤ）
63321,兵庫県,福崎（フクサキ）
63331,兵庫県,西脇（ニシワキ）
63346,兵庫県,後川（シツカワ）
63366,兵庫県,上郡（カミゴオリ）
63383,兵庫県,姫路（ヒメジ）
63411,兵庫県,三田（サンダ）
63461,兵庫県,三木（ミキ）
63477,兵庫県,西宮（ニシノミヤ）
63491,兵庫県,家島（イエシマ）
63496,兵庫県,明石（アカシ）
63517,兵庫県,神戸空港（コウベクウコウ）
63518,兵庫県,神戸（コウベ）
63551,兵庫県,郡家（グンゲ）
63571,兵庫県,洲本（スモト）
63588,兵庫県,南淡（ナンダン）
64036,奈良県,奈良（ナラ）
64041,奈良県,針（ハリ）
64056,奈良県,田原本（タワラモト）
64076,奈良県,曽爾（ソニ）
64091,奈良県,葛城（カツラギ）
64101,奈良県,大宇陀（オオウダ）
64127,奈良県,五條（ゴジョウ）
64136,奈良県,吉野（ヨシノ）
64161,奈良県,天川（テンカワ）
64206,奈良県,上北山（カミキタヤマ）
64227,奈良県,風屋（カゼヤ）
64236,奈良県,下北山（シモキタヤマ）
64262,奈良県,葛川（クズカワ）
65021,和歌山県,葛城山（カツラギサン）
65026,和歌山県,かつらぎ（カツラギ）
65036,和歌山県,友ケ島（トモガシマ）
65042,和歌山県,和歌山（ワカヤマ）
65061,和歌山県,高野山（コウヤサン）
65106,和歌山県,湯浅（ユアサ）
65121,和歌山県,清水（シミズ）
65127,和歌山県,護摩壇山（ゴマダンザン）
65162,和歌山県,龍神（リュウジン）
65201,和歌山県,川辺（カワベ）
65226,和歌山県,本宮（ホングウ）
65256,和歌山県,栗栖川（クリスガワ）
65276,和歌山県,新宮（シングウ）
65288,和歌山県,南紀白浜（ナンキシラハマ）
65306,和歌山県,西川（ニシカワ）
65311,和歌山県,色川（イロカワ）
65321,和歌山県,日置川（ヒキガワ）
65356,和歌山県,潮岬（シオノミサキ）
66046,岡山県,上長田（カミナガタ）
66056,岡山県,恩原（オンバラ）
66091,岡山県,千屋（チヤ）
66112,岡山県,富（トミ）
66127,岡山県,奈義（ナギ）
66136,岡山県,今岡（イマオカ）
66171,岡山県,久世（クセ）
66186,岡山県,津山（ツヤマ）
66221,岡山県,新見（ニイミ）
66226,岡山県,下呰部（シモアザエ）
66237,岡山県,旭西（アサヒニシ）
66251,岡山県,赤磐（アカイワ）
66276,岡山県,陣山（ジンヤマ）
66287,岡山県,吉備中央（キビチュウオウ）
66296,岡山県,福渡（フクワタリ）
66306,岡山県,和気（ワケ）
66336,岡山県,高梁（タカハシ）
66346,岡山県,日応寺（ニチオウジ）
66381,岡山県,佐屋（サヤ）
66391,岡山県,矢掛（ヤカゲ）
66408,岡山県,岡山（オカヤマ）
66421,岡山県,虫明（ムシアゲ）
66446,岡山県,倉敷（クラシキ）
66481,岡山県,笠岡（カサオカ）
66501,岡山県,玉野（タマノ）
67016,広島県,高野（タカノ）
67026,広島県,道後山（ドウゴヤマ）
67052,広島県,君田（キミタ）
67106,広島県,三次（ミヨシ）
67116,広島県,庄原（ショウバラ）
67126,広島県,東城（トウジョウ）
67136,広島県,八幡（ヤワタ）
67151,広島県,大朝（オオアサ）
67161,広島県,美土里（ミドリ）
67191,広島県,油木（ユキ）
67211,広島県,王泊（オオドマリ）
67212,広島県,加計（カケ）
67217,広島県,都志見（ツシミ）
67231,広島県,甲田（コウダ）
67251,広島県,上下（ジョウゲ）
67271,広島県,内黒山（ウチグロヤマ）
67292,広島県,三入（ミイリ）
67306,広島県,安宿（アスカ）
67316,広島県,世羅（セラ）
67326,広島県,府中（フチュウ）
67351,広島県,佐伯湯来（サエキユキ）
67371,広島県,志和（シワ）
67376,広島県,東広島（ヒガシヒロシマ）
67386,広島県,本郷（ホンゴウ）
67401,広島県,福山（フクヤマ）
67421,広島県,廿日市津田（ハツカイチツタ）
67437,広島県,広島（ヒロシマ）
67461,広島県,竹原（タケハラ）
67471,広島県,生口島（イクチジマ）
67496,広島県,大竹（オオタケ）
67511,広島県,呉（クレ）
67566,広島県,倉橋（クラハシ）
67576,広島県,呉市蒲刈（クレシカマガリ）
68022,島根県,西郷（サイゴウ）
68046,島根県,西郷岬（サイゴウミサキ）
68056,島根県,海士（アマ）
68091,島根県,鹿島（カシマ）
68121,島根県,斐川（ヒカワ）
68132,島根県,松江（マツエ）
68156,島根県,出雲（イズモ）
68166,島根県,大東（ダイトウ）
68181,島根県,伯太（ハクタ）
68206,島根県,佐田（サダ）
68246,島根県,大田（オオダ）
68261,島根県,掛合（カケヤ）
68276,島根県,横田（ヨコタ）
68286,島根県,福光（フクミツ）
68306,島根県,赤名（アカナ）
68346,島根県,桜江（サクラエ）
68351,島根県,川本（カワモト）
68376,島根県,浜田（ハマダ）
68401,島根県,瑞穂（ミズホ）
68421,島根県,三隅（ミスミ）
68431,島根県,弥栄（ヤサカ）
68436,島根県,波佐（ハザ）
68456,島根県,高津（タカツ）
68462,島根県,益田（マスダ）
68501,島根県,匹見（ヒキミ）
68516,島根県,津和野（ツワノ）
68541,島根県,吉賀（ヨシカ）
69006,鳥取県,境（サカイ）
69021,鳥取県,塩津（シオツ）
69041,鳥取県,青谷（アオヤ）
69052,鳥取県,湖山（コヤマ）
69061,鳥取県,岩井（イワイ）
69076,鳥取県,米子（ヨナゴ）
69101,鳥取県,倉吉（クラヨシ）
69111,鳥取県,鹿野（シカノ）
69122,鳥取県,鳥取（トットリ）
69152,鳥取県,大山（ダイセン）
69161,鳥取県,関金（セキガネ）
69181,鳥取県,佐治（サジ）
69196,鳥取県,若桜（ワカサ）
69222,鳥取県,江尾（エビ）
69246,鳥取県,智頭（チズ）
69271,鳥取県,茶屋（チャヤ）
71066,徳島県,池田（イケダ）
71087,徳島県,穴吹（アナブキ）
71106,徳島県,徳島（トクシマ）
71136,徳島県,半田（ハンダ）
71191,徳島県,京上（キョウジョウ）
71211,徳島県,福原旭（フクハラアサヒ）
71231,徳島県,蒲生田（カモダ）
71251,徳島県,木頭（キトウ）
71266,徳島県,日和佐（ヒワサ）
71291,徳島県,海陽（カイヨウ）
72061,香川県,内海（ウチノミ）
72086,香川県,高松（タカマツ）
72111,香川県,多度津（タドツ）
72121,香川県,滝宮（タキノミヤ）
72126,香川県,香南（コウナン）
72146,香川県,引田（ヒケタ）
72161,香川県,財田（サイタ）
72176,徳島県,竜王山（リュウオウザン）
73001,愛媛県,大三島（オオミシマ）
73071,愛媛県,玉川（タマガワ）
73076,愛媛県,今治（イマバリ）
73126,愛媛県,西条（サイジョウ）
73141,愛媛県,新居浜（ニイハマ）
73151,愛媛県,四国中央（シコクチュウオウ）
73152,愛媛県,富郷（トミサト）
73166,愛媛県,松山（マツヤマ）
73168,愛媛県,松山南吉田（マツヤマミナミヨシダ）
73231,愛媛県,上林（カミハヤシ）
73247,愛媛県,成就社（ジョウジュシャ）
73256,愛媛県,長浜（ナガハマ）
73271,愛媛県,中山（ナカヤマ）
73276,愛媛県,久万（クマ）
73306,愛媛県,大洲（オオズ）
73321,愛媛県,獅子越峠（シシゴエトウゲ）
73341,愛媛県,瀬戸（セト）
73351,愛媛県,八幡浜（ヤワタハマ）
73406,愛媛県,宇和（ウワ）
73442,愛媛県,宇和島（ウワジマ）
73446,愛媛県,近永（チカナガ）
73516,愛媛県,御荘（ミショウ）
74056,高知県,本川（ホンガワ）
74071,高知県,本山（モトヤマ）
74101,高知県,池川（イケガワ）
74126,高知県,繁藤（シゲトウ）
74136,高知県,大栃（オオドチ）
74151,高知県,魚梁瀬（ヤナセ）
74166,高知県,佐川（サカワ）
74181,高知県,高知（コウチ）
74187,高知県,後免（ゴメン）
74188,高知県,南国日章（ナンコクニッショウ）
74237,高知県,船戸（フナト）
74238,高知県,鳥形山（トリガタヤマ）
74271,高知県,安芸（アキ）
74276,高知県,田野（タノ）
74296,高知県,梼原（ユスハラ）
74311,高知県,須崎（スサキ）
74336,高知県,佐喜浜（サキハマ）
74361,高知県,窪川（クボカワ）
74372,高知県,室戸岬（ムロトミサキ）
74381,高知県,江川崎（エカワサキ）
74391,高知県,大正（タイショウ）
74436,高知県,佐賀（サガ）
74447,高知県,宿毛（スクモ）
74456,高知県,中村（ナカムラ）
74506,高知県,三崎（ミサキ）
74516,高知県,清水（シミズ）
81011,山口県,須佐（スサ）
81071,山口県,萩（ハギ）
81116,山口県,油谷（ユヤ）
81141,山口県,篠生（シノブ）
81151,山口県,徳佐（トクサ）
81167,山口県,羅漢山（ラカンザン）
81196,山口県,秋吉台（アキヨシダイ）
81228,山口県,鹿野（カノ）
81231,山口県,広瀬（ヒロセ）
81266,山口県,豊田（トヨタ）
81271,山口県,東厚保（ヒガシアツ）
81286,山口県,山口（ヤマグチ）
81301,山口県,和田（ワダ）
81321,山口県,岩国（イワクニ）
81371,山口県,防府（ホウフ）
81386,山口県,下松（クダマツ）
81397,山口県,玖珂（クガ）
81428,山口県,下関（シモノセキ）
81436,山口県,宇部（ウベ）
81481,山口県,柳井（ヤナイ）
81486,山口県,安下庄（アゲノショウ）
82036,福岡県,小呂島（オロノシマ）
82046,福岡県,宗像（ムナカタ）
82056,福岡県,八幡（ヤハタ）
82068,福岡県,空港北町（クウコウキタマチ）
82097,福岡県,東谷（ヒガシタニ）
82101,福岡県,行橋（ユクハシ）
82136,福岡県,飯塚（イイヅカ）
82171,福岡県,前原（マエバル）
82182,福岡県,福岡（フクオカ）
82186,福岡県,博多（ハカタ）
82191,福岡県,太宰府（ダザイフ）
82206,福岡県,添田（ソエダ）
82241,福岡県,早良脇山（サワラワキヤマ）
82261,福岡県,朝倉（アサクラ）
82272,福岡県,英彦山（ヒコサン）
82306,福岡県,久留米（クルメ）
82316,福岡県,耳納山（ミノウサン）
82317,福岡県,黒木（クロギ）
82331,福岡県,柳川（ヤナガワ）
82361,福岡県,大牟田（オオムタ）
83021,大分県,国見（クニミ）
83051,大分県,中津（ナカツ）
83061,大分県,豊後高田（ブンゴタカダ）
83096,大分県,耶馬渓（ヤバケイ）
83106,大分県,院内（インナイ）
83121,大分県,杵築（キツキ）
83126,大分県,武蔵（ムサシ）
83137,大分県,日田（ヒタ）
83191,大分県,玖珠（クス）
83201,大分県,湯布院（ユフイン）
83216,大分県,大分（オオイタ）
83226,大分県,佐賀関（サガノセキ）
83242,大分県,椿ヶ鼻（ツバキガハナ）
83286,大分県,臼杵（ウスキ）
83341,大分県,犬飼（イヌカイ）
83371,大分県,竹田（タケタ）
83401,大分県,佐伯（サイキ）
83431,大分県,宇目（ウメ）
83476,大分県,蒲江（カマエ）
84012,長崎県,鰐浦（ワニウラ）
84072,長崎県,厳原（イヅハラ）
84076,長崎県,美津島（ミツシマ）
84121,長崎県,芦辺（アシベ）
84122,長崎県,石田（イシダ）
84171,長崎県,平戸（ヒラド）
84183,長崎県,松浦（マツウラ）
84266,長崎県,佐世保（サセボ）
84306,長崎県,西海（サイカイ）
84341,長崎県,有川（アリカワ）
84361,長崎県,長浦岳（ナガウラダケ）
84371,長崎県,大村（オオムラ）
84441,長崎県,諫早（イサハヤ）
84496,長崎県,長崎（ナガサキ）
84519,長崎県,雲仙岳（ウンゼンダケ）
84523,長崎県,島原（シマバラ）
84536,長崎県,福江（フクエ）
84537,長崎県,上大津（カミオオヅ）
84561,長崎県,口之津（クチノツ）
84597,長崎県,脇岬（ワキミサキ）
85033,佐賀県,唐津（カラツ）
85046,佐賀県,北山（ホクザン）
85106,佐賀県,鳥栖（トス）
85116,佐賀県,伊万里（イマリ）
85131,佐賀県,大町（オオマチ）
85142,佐賀県,佐賀（サガ）
85161,佐賀県,嬉野（ウレシノ）
85166,佐賀県,白石（シロイシ）
85176,佐賀県,川副（カワソエ）
86006,熊本県,鹿北（カホク）
86066,熊本県,南小国（ミナミオグニ）
86086,熊本県,岱明（タイメイ）
86101,熊本県,菊池（キクチ）
86111,熊本県,阿蘇乙姫（アソオトヒメ）
86141,熊本県,熊本（クマモト）
86146,熊本県,益城（マシキ）
86157,熊本県,南阿蘇（ミナミアソ）
86161,熊本県,高森（タカモリ）
86181,熊本県,宇土（ウト）
86197,熊本県,山都（ヤマト）
86216,熊本県,三角（ミスミ）
86236,熊本県,甲佐（コウサ）
86271,熊本県,松島（マツシマ）
86316,熊本県,本渡（ホンド）
86336,熊本県,八代（ヤツシロ）
86396,熊本県,田浦（タノウラ）
86407,熊本県,山江（ヤマエ）
86411,熊本県,五木（イツキ）
86451,熊本県,水俣（ミナマタ）
86461,熊本県,一勝地（イッショウチ）
86467,熊本県,人吉（ヒトヨシ）
86477,熊本県,上（ウエ）
86478,熊本県,多良木（タラギ）
86481,熊本県,湯前横谷（ユノマエヨコタニ）
86491,熊本県,牛深（ウシブカ）
87041,宮崎県,高千穂（タカチホ）
87066,宮崎県,古江（フルエ）
87071,宮崎県,鞍岡（クラオカ）
87086,宮崎県,日之影（ヒノカゲ）
87127,宮崎県,諸塚（モロツカ）
87136,宮崎県,北方（キタカタ）
87141,宮崎県,延岡（ノベオカ）
87157,宮崎県,椎葉（シイバ）
87181,宮崎県,日向（ヒュウガ）
87206,宮崎県,神門（ミカド）
87231,宮崎県,西米良（ニシメラ）
87251,宮崎県,都農（ツノ）
87293,宮崎県,高鍋（タカナベ）
87301,宮崎県,加久藤（カクトウ）
87331,宮崎県,西都（サイト）
87346,宮崎県,えびの（エビノ）
87352,宮崎県,小林（コバヤシ）
87361,宮崎県,野尻（ノジリ）
87371,宮崎県,国富（クニトミ）
87376,宮崎県,宮崎（ミヤザキ）
87406,宮崎県,田野（タノ）
87412,宮崎県,赤江（アカエ）
87426,宮崎県,都城（ミヤコノジョウ）
87461,宮崎県,深瀬（フカセ）
87492,宮崎県,油津（アブラツ）
87501,宮崎県,串間（クシマ）
88061,鹿児島県,阿久根（アクネ）
88066,鹿児島県,出水（イズミ）
88081,鹿児島県,大口（オオクチ）
88101,鹿児島県,紫尾山（シビサン）
88107,鹿児島県,さつま柏原（サツマカシワバル）
88131,鹿児島県,中甑（ナカコシキ）
88151,鹿児島県,川内（センダイ）
88166,鹿児島県,溝辺（ミゾベ）
88211,鹿児島県,八重山（ヤエヤマ）
88261,鹿児島県,東市来（ヒガシイチキ）
88286,鹿児島県,牧之原（マキノハラ）
88317,鹿児島県,鹿児島（カゴシマ）
88331,鹿児島県,輝北（キホク）
88341,鹿児島県,大隅（オオスミ）
88371,鹿児島県,加世田（カセダ）
88392,鹿児島県,吉ケ別府（ヨシガベップ）
88406,鹿児島県,志布志（シブシ）
88432,鹿児島県,喜入（キイレ）
88442,鹿児島県,鹿屋（カノヤ）
88447,鹿児島県,肝付前田（キモツキマエダ）
88466,鹿児島県,枕崎（マクラザキ）
88486,鹿児島県,指宿（イブスキ）
88506,鹿児島県,内之浦（ウチノウラ）
88536,鹿児島県,田代（タシロ）
88551,鹿児島県,佐多（サタ）
88612,鹿児島県,種子島（タネガシマ）
88621,鹿児島県,中種子（ナカタネ）
88666,鹿児島県,上中（カミナカ）
88686,鹿児島県,屋久島（ヤクシマ）
88706,鹿児島県,尾之間（オノアイダ）
88736,鹿児島県,中之島（ナカノシマ）
88746,鹿児島県,平島（タイラジマ）
88756,鹿児島県,諏訪之瀬島（スワノセジマ）
88776,鹿児島県,小宝島（コダカラジマ）
88781,鹿児島県,宝島（タカラジマ）
88821,鹿児島県,笠利（カサリ）
88836,鹿児島県,名瀬（ナゼ）
88851,鹿児島県,喜界島（キカイジマ）
88901,鹿児島県,古仁屋（コニヤ）
88931,鹿児島県,天城（アマギ）
88956,鹿児島県,伊仙（イセン）
88971,鹿児島県,沖永良部（オキノエラブ）
88986,鹿児島県,与論島（ヨロンジマ）
91011,沖縄県,伊是名（イゼナ）
91021,沖縄県,奥（オク）
91046,沖縄県,国頭（クニガミ）
91066,沖縄県,本部（モトブ）
91081,沖縄県,東（ヒガシ）
91096,沖縄県,粟国（アグニ）
91107,沖縄県,名護（ナゴ）
91121,沖縄県,読谷（ヨミタン）
91141,沖縄県,北原（キタハラ）
91146,沖縄県,久米島（クメジマ）
91151,沖縄県,渡名喜（トナキ）
91161,沖縄県,胡屋（ゴヤ）
91166,沖縄県,宮城島（ミヤギジマ）
91181,沖縄県,渡嘉敷（トカシキ）
91197,沖縄県,那覇（ナハ）
91236,沖縄県,安次嶺（アシミネ）
91241,沖縄県,糸数（イトカズ）
92006,沖縄県,北大東（キタダイトウ）
92011,沖縄県,南大東（ミナミダイトウ）（南大東島（ミナミダイトウジマ））
92012,沖縄県,旧東（キュウトウ）
93012,沖縄県,下地島（シモジシマ）
93041,沖縄県,宮古島（ミヤコジマ）
93042,沖縄県,鏡原（カガミハラ）
93051,沖縄県,城辺（グスクベ）
93062,沖縄県,仲筋（ナカスジ）
94001,沖縄県,伊原間（イバルマ）
94011,沖縄県,所野（トコロノ）
94017,沖縄県,与那国島（ヨナグニジマ）
94036,沖縄県,川平（カビラ）
94062,沖縄県,西表島（イリオモテジマ）
94081,沖縄県,石垣島（イシガキジマ）
94086,沖縄県,盛山（モリヤマ）
94101,沖縄県,大原（オオハラ）
94116,沖縄県,波照間（ハテルマ）
